To Review,Guessed States
Alaska,Ohio
Colorado,Florida
Connecticut,Washington
Delaware,California
Idaho,North Dakota
Illinois,South Dakota
Indiana,Hawaii
Iowa,Texas
Kansas,Michigan
Kentucky,Rhode Island
Louisiana,Georgia
Maine,New Jersey
Maryland,New Hampshire
Massachusetts,New Mexico
Minnesota,New York
Missouri,Pennsylvania
Montana,Oregon
Nebraska,Mississippi
Nevada,Alabama
Oklahoma,Arkansas
Tennessee,North Carolina
Utah,South Carolina
Vermont,Arizona
Virginia,
West Virginia,
Wisconsin,
Wyoming,
,
,
,
,
,
,
,
,
,
,
,
,
,
,
,
,
,
,
,
,
,
,
,
